Plot,estimation
333,38300.0
458,50800.00000000001
657,70700.0
543,59300.00000000001
1289,133900.00000000003
5541,559100.0000000001
847,89700.00000000003
1794,184400.00000000006
805,85500.00000000003
581,63100.00000000001
1104,115400.00000000003
1310,136000.00000000003
899,94900.00000000003
